id,value
name.name.bilbo,81
name.name.frodo,57
name.name.gandalf,37
word.word.will ,28
people.people.hobbits ,26
object.object.bag ,25
word.word.began ,19
people.people.baggins ,19
word.word.time ,18
word.word.long ,17
object.object.ring ,15
word.word.people ,14
word.word.thought ,14
word.word.bilbos ,14
word.word.course ,14
word.word.things ,13
object.object.door ,13
word.word.guests ,13
word.word.party ,13
word.word.going ,12
place.place.hobbiton ,12
people.people.sackvillebagginses ,12
word.word.years ,12
people.people.gaffer ,12
word.word.young ,11
place.place.shire ,11
word.word.large,11
word.word.small ,10
word.word.goodbye ,10
word.word.called ,10
people.people.hobbit ,10
word.word.left ,9
word.word.good ,9
place.place.bywater ,9
word.word.inside ,9
word.word.wonder ,9
word.word.suddenly ,9
word.word.eyes ,9
object.object.presents ,9
word.word.joke ,9
word.word.birthday,9
word.word.hill ,9
word.word.place ,9
person.person.brandybuck ,9
word.word.half ,8
word.word.live,8
word.word.three ,8
word.word.day,8
name.name.lobelia ,8
word.word.business ,8
word.word.folk ,8
word.word.dear ,8
word.word.hall ,7
word.word.pocket ,7
word.word.queer ,7
word.word.moment ,7
word.word.golden ,7
name.name.merry ,7
person.person.dwarves ,7
word.word.mind ,7
word.word.wizard ,7
word.word.remained ,7
word.word.hope ,7
action.action.find ,7
word.word.master ,7
word.word.face ,7
word.word.round ,7
action.action.asked ,7
object.object.table,7
word.word.hear ,7
action.action.sitting ,7
action.action.stood ,7
people.people.tooks ,7
word.word.hand ,6
object.object.spoons ,6
word.word.full ,6
place.place.garden ,6
word.word.passed ,6
word.word.field ,6
word.word.man ,6
word.word.heard ,6
word.word.coming ,6
word.word.fact,6
word.word.answered ,6
object.object.fireworks ,6
word.word.age ,6
word.word.number ,6
word.word.looked ,6
action.action.cried ,6
word.word.great ,6
object.object.gate ,6
word.word.brought ,6
object.object.road ,6
word.word.gold ,5
word.word.days ,5
word.word.orders ,5
word.word.matter ,5
word.word.night,5
word.word.point,5
word.word.mine,5
word.word.hole,5
word.word.feet ,5
word.word.feel ,5
name.name.otho ,5
person.person.miller ,5
word.word.felt ,5
word.word.mark ,5
word.word.word ,5
word.word.red ,5
word.word.special ,5
word.word.told ,5
object.object.envelope ,5
word.word.lived ,5
word.word.plan ,5
word.word.bad ,5
word.word.parts ,5
word.word.deep ,5
word.word.trouble ,5
word.word.turned ,5
word.word.cousin ,5
word.word.dark ,5
word.word.pavilion ,5
word.word.spoke ,4
word.word.tea ,4
action.action.eating ,4
word.word.room ,4
word.word.better ,4
word.word.rose ,4
word.word.lad ,4
word.word.times ,4
word.word.ninetynine ,4
word.word.short ,4
object.object.chair ,4
word.word.september ,4
people.people.bagginses ,4
action.action.shouted ,4
word.word.startled ,4
word.word.forgotten ,4
action.action.talk ,4
word.word.journey ,4
person.person.proudfoot ,4
object.object.mantelpiece ,4
word.word.favourite ,4
word.word.friends ,4
word.word.true ,4
world.word.fell ,4
word.word.free ,4
person.person.gandalfs ,4
word.word.invited ,4
object.object.money ,4
word.word.secret ,4
word.word.rolled ,4
word.word.silver ,4
word.word.air ,4
word.word.holiday ,4
word.word.removed ,4
word.word.today ,4
word.word.cheers ,4
object.object.book ,4
action.action.vanished ,4
word.word.eleventyone ,4
word.word.care ,4
word.word.invitations ,4
people.people.proudfoots ,4
people.people.brandybucks ,4
word.word.parting ,4
name.name.sam ,4
word.word.sat ,4
name.name.drogo ,4
people.people.boffins ,4
object.object.food ,4
word.word.mountains ,4
word.word.big ,4
word.word.odd ,4
word.word.knew ,4
word.word.slipped ,4
word.word.story ,4
word.word.heir,4
people.people.gamgee ,4
word.word.wife ,4
object.object.precious ,4
word.word.safe ,4
word.word.week ,4
object.object.wine ,3
word.word.turn ,3
action.action.arrived ,3
object.object.lights ,3
word.word.making ,3
object.object.crackers ,3
word.word.hard ,3
word.word.walls ,3
word.word.rory ,3
word.word.gorbadoc ,3
word.word.generous ,3
word.word.chief ,3
word.word.quietly ,3
people.people.sandyman ,3
word.word.labels ,3
people.people.bolgers ,3
word.word.speech ,3
word.word.till ,3
object.object.glass ,3
word.word.supper ,3
word.word.happy ,3
word.word.light ,3
word.word.lot ,3
word.word.wealth ,3
word.word.affair ,3
word.word.gross ,3
object.object.tree ,3
word.word.history ,3
word.word.clear ,3
people.people.hobbitchildren ,3
word.word.finally ,3
word.word.feast ,3
word.word.final ,3
word.word.occasion ,3
word.word.bent,3
word.word.evening ,3
word.word.return ,3
word.word.fine ,3
word.word.sort ,3
word.word.softly ,3
word.word.best ,3
word.word.troubled ,3
word.word.open ,3
word.word.loudly ,3
object.object.potatoes ,3
person.person.father ,3
word.word.proper ,3
word.word.step ,3
word.word.love ,3
word.word.nice ,3
word.word.finished ,3
word.word.advice ,3
word.word.year ,3
word.word.staying ,3
word.word.poor ,3
word.word.silence ,3
place.place.forest ,3
word.word.agreed ,3
place.place.bagshot ,3
word.word.packed ,3
word.word.ago ,3
word.word.read ,3
word.word.rumour ,3
word.word.row ,3
word.word.stepped ,3
word.word.legend ,3
word.word.fortyfour ,3
word.word.voices ,3
word.word.eye ,3
word.word.wanted ,3
word.word.relations ,3
word.word.white ,3
word.word.worry ,3
word.word.green ,3
word.word.grey ,3
word.word.item ,3
word.word.tunnels ,3
word.word.study ,3
action.action.opened ,3
word.word.unexpected ,3
word.word.rest ,3
word.word.spread ,3
word.word.front ,3
word.word.angry ,3
word.word.fool ,3
word.word.sixty ,3
word.word.set ,3
word.word.river ,3
word.word.living ,3
word.word.dinner ,3
word.word.appeared,3
word.word.drink ,3
word.word.change ,3
word.word.fun ,3
word.word.second ,3
object.object.tents ,3
word.word.head ,3
word.word.drew ,3
word.word.morning ,3
object.object.waistcoat ,3
action.action.drownded ,3
word.word.written ,3
word.word.usual ,3
word.word.suppose ,3
object.object.lanterns ,3
word.word.expect ,3
place.place.brandywine ,3
word.word.growing ,3
word.word.curious ,3
word.word.excitement ,3
word.word.follow ,3
word.word.audience ,2
place.place.postoffice ,2
action.action.talking ,2
word.word.corners ,2
word.word.faces ,2
word.word.empty ,2
action.action.laugh ,2
action.action.snorted ,2
word.word.enormous ,2
word.word.relatives ,2
word.word.strange ,2
action.action.walked ,2
word.word.authority ,2
word.word.folks ,2
word.word.cleared ,2
word.word.harm ,2
word.word.treasure ,2
word.word.spoil ,2
object.object.umbrella ,2
word.word.fishy ,2
word.word.considered ,2
word.word.sancho ,2
word.word.hurray ,2
word.word.musical,2
word.word.slowly ,2
word.word.larger ,2
word.word.wait ,2
people.people.bracegirdles ,2
word.word.top ,2
word.word.plenty ,2
word.word.adelard ,2
action.action.replied ,2
word.word.busy ,2
word.word.interested ,2
word.word.unlabelled ,2
word.word.joints ,2
word.word.wellpreserved ,2
word.word.mountain ,2
word.word.clouded ,2
word.word.polite ,2
word.word.stuffed ,2
word.word.standing ,2
word.word.thing ,2
word.word.late ,2
object.object.hat ,2
word.word.weight ,2
word.word.doubt ,2
word.word.surprising ,2
word.word.district ,2
word.word.memory ,2
word.word.ends ,2
word.word.suspicion ,2
object.object.frontdoor ,2
word.word.shadow ,2
name.name.gollum ,2
object.object.flowers ,2
word.word.valuable ,2
word.word.bright ,2
word.word.low ,2
word.word.chubbs ,2
word.word.meant ,2
object.object.sword ,2
word.word.fellow ,2
word.word.cluttered ,2
word.word.listen ,2
action.action.drinking ,2
object.object.water ,2
word.word.exceedingly ,2
word.word.dora ,2
word.word.relief ,2
word.word.22nd ,2
word.word.shock ,2
word.word.milo ,2
action.action.smiled ,2
object.object.bottle ,2
word.word.thursday ,2
word.word.deafening ,2
word.word.meet ,2
word.word.hold ,2
word.word.absurd ,2
word.word.tall ,2
word.word.month ,2
word.word.carrying ,2
action.action.waiting ,2
object.object.papers ,2
word.word.notice ,2
word.word.poetry ,2
word.word.articles ,2
word.word.lunch ,2
word.word.tables ,2
word.word.letters ,2
word.word.hornblowers ,2
word.word.hoping ,2
word.word.fires ,2
object.object.bags ,2
word.word.mad ,2
word.word.health ,2
word.word.inheritance ,2
word.word.rockets ,2
word.word.pleasant ,2
word.word.difficult ,2
word.word.fill ,2
word.word.heart ,2
word.word.labelled ,2
word.word.boating ,2
word.word.pulling ,2
object.object.trees ,2
word.word.stick ,2
word.word.tales ,2
action.action.singing ,2
word.word.respectable ,2
word.word.remember ,2
word.word.middle ,2
word.word.expression ,2
word.word.burrows ,2
word.word.surprise ,2
action.action.celebrate ,2
word.word.guessed ,2
word.word.knock ,2
word.word.vittles ,2
word.word.work ,2
action.action.welcomed ,2
object.object.books ,2
word.word.wore ,2
action.action.hoped ,2
word.word.chests ,2
word.word.mysterious ,2
word.word.believed ,2
word.word.loud ,2
word.word.lots ,2
word.word.voice,2
word.word.perfect ,2
word.word.disappearance ,2
word.word.visitors ,2
word.word.oddlooking ,2
word.word.fame ,2
word.word.arrival ,2
word.word.ink ,2
place.place.inn ,2
word.word.hands ,2
word.word.leading ,2
word.word.allowed ,2
word.word.younger ,2
object.object.packages ,2
word.word.packet ,2
word.word.selection ,2
word.word.firmly ,2
word.word.pavilions ,2
word.word.close ,2
word.word.pulled ,2
word.word.ridiculous ,2
word.word.sweet ,2
people.people.brandy ,2
word.word.couple ,2
word.word.annoyance ,2
word.word.leave ,2
word.word.helped ,2
people.people.bolger ,2
word.word.trust ,2
word.word.oddities ,2
word.word.miles ,2
word.word.jools ,2
word.word.brockhouses ,2
word.word.rich ,2
word.word.truth ,2
word.word.family ,2
word.word.pushed ,2
word.word.holman ,2
word.word.mighty ,2
word.word.uncle ,2
word.word.filled ,2
word.word.wizards ,2
word.word.nasty ,2
word.word.real ,2
word.word.outlandish ,2
word.word.driving ,2
object.object.birthdaypresents ,2
word.word.dance ,2
word.word.demand ,2
word.word.flash ,2
word.word.curdled ,2
word.word.cellars ,2
word.word.drogos ,2
word.word.noakes ,2
word.word.call ,2
word.word.embroidered ,2
word.word.birthdays ,2
word.word.hugo ,2
object.object.documents ,2
word.word.repeated ,2
object.object.furniture ,2
action.action.exclaimed ,2
object.object.boats ,2
word.word.worse ,2
action.action.leaving ,2
place.place.fields ,2
word.word.disappear ,2
action.action.grew ,2
word.word.bothered ,2
word.word.stranger ,2
object.object.window ,2
word.word.attentive ,2
object.object.cart ,2
object.object.instruments ,2
word.word.stuck ,2
word.word.catch ,2
object.object.bottles ,2
word.word.youngest ,2
word.word.seldom ,2
word.word.older ,2
word.word.songs ,2
word.word.heads ,2
word.word.wondered,2
word.word.shut ,2
action.action.wrapped ,2
word.word.nearer ,2
action.action.laughed ,2
word.word.hung ,2
word.word.job ,2
word.word.compliment ,2
word.word.afternoon ,2
word.word.fond ,2
place.place.buckland ,2
word.word.neighbourhood ,2
word.word.addition ,2
word.word.grow ,2
word.word.excited ,2
word.word.peace ,2
word.word.dead ,2
word.word.rumours ,2
word.word.keeping ,2
word.word.splendidly ,2
word.word.visiting ,2
action.action.forgive ,2
word.word.legendary ,2
object.object.carts ,2
word.word.burrowses ,2
word.word.crowd ,2
word.word.bit ,2
word.word.corner ,2
word.word.odo ,2
word.word.grubbs ,2
word.word.bundle ,2
word.word.side ,2
action.action.wandering ,2
word.word.generally ,2
word.word.century ,2
action.action.paused ,2
word.word.son ,2
word.word.picked ,2
action.action.locked ,2
word.word.feeling ,2
word.word.eldest ,2
word.word.careful ,2
word.word.mixed ,2
word.word.decent ,2
word.word.preparations ,2
word.word.thirtythree ,2
word.word.elders ,2
word.word.bracegirdle ,2
word.word.politely ,2
word.word.chance ,2
word.word.families ,2
word.word.goodbodies ,2
word.word.easier ,2
word.word.splendid ,2
word.word.friend ,2
word.word.hundreds ,2
word.word.twelve ,2
word.word.unusually ,2
object.object.sun ,2
word.word.silk ,2
action.action.stopped ,2
word.word.silent ,2
word.word.birthdayparties ,2
word.word.started ,2
object.object.cloak ,2
word.word.country ,2
place.place.dale ,2
word.word.remarkable ,2
word.word.indisposed ,2
word.word.life ,2
action.action.clapping ,2
word.word.specially ,2
word.word.held ,2
word.word.dragon ,2
word.word.terms ,2
word.word.natural ,2
action.action.blocked ,2
word.word.tired ,2
word.word.help ,2
word.word.magic ,2
word.word.begun ,2
word.word.treasures ,2
word.word.dozen ,2
word.word.alarmed ,2
word.word.branches ,2
word.word.prolonged ,2
word.word.addressed ,2
word.word.regret ,2
word.word.ready ,2
action.action.flew ,2
action.action.carried ,2
word.word.smoke ,2
word.word.magical ,2
flicker ,1
fifty ,1
recognized ,1
unfurled ,1
remote ,1
youth ,1
shrugged ,1
postman ,1
pick ,1
customs ,1
sister ,1
possess ,1
connexions ,1
3,1
seizing ,1
thoughtfully ,1
wind ,1
commodity ,1
flight ,1
turf ,1
ahead ,1
yellow ,1
barrows ,1
minds ,1
prying ,1
bowing ,1
quiet ,1
elves ,1
ordered ,1
laden ,1
borrower ,1
sale ,1
blue ,1
obvious ,1
combined ,1
adopted ,1
correct ,1
evicted ,1
wise ,1
serious ,1
conversation ,1
invitation ,1
clearer ,1
lack ,1
sang ,1
supposed ,1
child ,1
sunflowers ,1
fingering ,1
inexhaustible ,1
departed ,1
approval ,1
wits ,1
realized ,1
cheer ,1
explosion ,1
disturber ,1
snapdragons ,1
signatures ,1
loved ,1
twofoot ,1
inadvertently ,1
pen ,1
revive ,1
flashed ,1
poorer ,1
altering ,1
understand ,1
reputedly ,1
spears ,1
draught ,1
bringing ,1
daylight ,1
crazy ,1
parcels ,1
magnificent ,1
pint ,1
listens ,1
noise ,1
smelling ,1
laid ,1
additions ,1
garments ,1
bargainprices ,1
curiously ,1
sacks ,1
everard ,1
angelicas ,1
capital ,1
minor ,1
southfarthing ,1
professionally ,1
gleam ,1
west ,1
postmen ,1
joyously ,1
sloping ,1
including ,1
badgering ,1
snapped ,1
tick ,1
army ,1
improve ,1
shining ,1
inkbottle ,1
lake ,1
forthcoming ,1
rising ,1
bush ,1
vulgar ,1
intended ,1
convey ,1
convex ,1
land ,1
floor ,1
direction ,1
allude ,1
tied ,1
buttons ,1
tingled ,1
vigour ,1
jewellery ,1
tidy ,1
wall ,1
pity ,1
unimportant ,1
beautiful ,1
liable ,1
cargo ,1
arrangements ,1
meeting ,1
events ,1
discussing ,1
abundant ,1
pace ,1
dwarfmake ,1
offering ,1
items ,1
cup ,1
cut ,1
entertainment ,1
collapsed ,1
accident ,1
worried ,1
kitchen ,1
consulting ,1
correspondence ,1
spiriting ,1
wellspoken ,1
filling ,1
openair ,1
demanded ,1
shapely ,1
goods ,1
subsided ,1
circulated ,1
disappointed ,1
shook ,1
ham ,1
acquired ,1
melilot ,1
sighed ,1
crackerpaper ,1
secrets ,1
fixed ,1
illgotten ,1
nasturtiums ,1
stooped ,1
prank ,1
impossible ,1
effort ,1
vegetables ,1
wave ,1
blinding ,1
retired ,1
assembled ,1
eatinghouse ,1
painful ,1
ponytrap ,1
furry ,1
pipes ,1
pain ,1
purchase ,1
start ,1
grumbling ,1
stars ,1
windows ,1
onlookers ,1
detested ,1
colour ,1
marvel ,1
fallen ,1
jerked ,1
paid ,1
delightful ,1
battering ,1
illuminated ,1
hammered ,1
required ,1
eagles ,1
pennies ,1
unload ,1
fountains ,1
snowed ,1
piled ,1
perfunctory ,1
eyebrows ,1
meals ,1
planned ,1
barrel ,1
chain ,1
disliking ,1
orphan ,1
permanent ,1
comers ,1
hanging ,1
crushing ,1
friendly ,1
dad ,1
possession ,1
bead ,1
flames ,1
wondering ,1
daughters ,1
companions ,1
betters ,1
disappeared ,1
grandfather ,1
bear ,1
trampling ,1
trumpets ,1
tapping ,1
curiosity ,1
nibbling ,1
whistled ,1
belonged ,1
reminiscences ,1
somebodys ,1
insulted ,1
sounds ,1
beaming ,1
tramping ,1
tones ,1
possessing ,1
deserve ,1
built ,1
tunnelmaking ,1
meal ,1
ears ,1
glad ,1
gaffers ,1
ticking ,1
flushed ,1
path ,1
mothers ,1
beer ,1
lavishly ,1
announcement ,1
soft ,1
happen ,1
carefully ,1
milk ,1
warren ,1
deals ,1
bulky ,1
quartered ,1
wisely ,1
relative ,1
touched ,1
mirror ,1
hot ,1
rouse ,1
adoption ,1
grass ,1
assembly ,1
wednesday ,1
parental ,1
spare ,1
adjoining ,1
partly ,1
stage ,1
spasm ,1
returning ,1
sniffing ,1
escorted ,1
die ,1
tolerant ,1
questions ,1
din ,1
enjoying ,1
fears ,1
correctly ,1
adding ,1
legal ,1
backarappers ,1
reply ,1
signal ,1
vanish ,1
train ,1
ignored ,1
commonly ,1
afterdinner ,1
fastened ,1
varied ,1
elfrune ,1
undecided ,1
fiddlesticks ,1
winyards ,1
reckon ,1
company ,1
midnight ,1
grandson ,1
custom ,1
permission ,1
daughterinlaw ,1
grand ,1
killed ,1
travels ,1
peculiar ,1
elffountains ,1
explain ,1
basket ,1
helping ,1
answers ,1
dropped ,1
handcarts ,1
lock ,1
proudly ,1
dearly ,1
song ,1
strongbox ,1
glittering ,1
belt ,1
bits ,1
hoots ,1
hood ,1
bell ,1
heavy ,1
popularly ,1
reached ,1
served ,1
impression ,1
messages ,1
dragons ,1
tussle ,1
thief ,1
glanced ,1
deliver ,1
snakes ,1
stamped ,1
scattered ,1
mention ,1
trunks ,1
chubb ,1
stream ,1
brim ,1
stand ,1
forward ,1
bless ,1
cabbages ,1
everyones ,1
pennypiece ,1
prostrate ,1
rustle ,1
shone ,1
marvellous ,1
primula ,1
hobbitfamilies ,1
practically ,1
banquet ,1
terribly ,1
smile ,1
arrangement ,1
host ,1
residence ,1
jolly ,1
selected ,1
cries ,1
waste ,1
sooner ,1
interrupted ,1
steps ,1
horn ,1
glow ,1
laughter ,1
belong ,1
borders ,1
handkerchiefs ,1
dangerous ,1
goblinbarkers ,1
frodos ,1
breath ,1
unwatched ,1
repeat ,1
inventing ,1
met ,1
included ,1
prentice ,1
waving ,1
pretended ,1
whizzed ,1
admittance ,1
thunderclaps ,1
badger ,1
intensely ,1
feared ,1
woke ,1
untidy ,1
pestered ,1
cure ,1
granted ,1
hiding ,1
character ,1
bank ,1
gentlehobbit ,1
meaning ,1
fire ,1
fidgeting ,1
disappearing ,1
adventures ,1
height ,1
boxes ,1
received ,1
pointed ,1
enthusiastic ,1
impatiently ,1
shower ,1
fatherinlaw ,1
pieces ,1
holes ,1
33,1
stiff ,1
honour ,1
childhood ,1
stay ,1
oldest ,1
afraid ,1
household ,1
shirefolk ,1
numbers ,1
reputation ,1
darker ,1
leaves ,1
swiftly ,1
hesitated ,1
beard ,1
admirable ,1
sealed ,1
collection ,1
finding ,1
announced ,1
paths ,1
flying ,1
staring ,1
needed ,1
jumped ,1
rule ,1
swept ,1
distantly ,1
stocks ,1
common ,1
scraped ,1
beats ,1
scabbard ,1
eagerly ,1
riches ,1
catering ,1
comment ,1
glowed ,1
fair ,1
fingers ,1
admirers ,1
dances ,1
premises ,1
glared ,1
games ,1
disliked ,1
worn ,1
ruefully ,1
exceptional ,1
doors ,1
convince ,1
westfarthing ,1
queerness ,1
enjoy ,1
birds ,1
pictures ,1
foreign ,1
mysteriously ,1
writing ,1
indoors ,1
hopes ,1
strayed ,1
event ,1
queerer ,1
mothballs ,1
witnesses ,1
finger ,1
safest ,1
opinion ,1
merrymaking ,1
forgot ,1
insult ,1
dawned ,1
prepared ,1
fewer ,1
weatherstained ,1
swans ,1
nephew ,1
discover ,1
midday ,1
bottom ,1
flabbergasted ,1
spade ,1
esmeralda ,1
errands ,1
provision ,1
covered ,1
squib ,1
clouds ,1
sackvillebaggins ,1
swaps ,1
sternly ,1
seemingly ,1
briskly ,1
spend ,1
listening ,1
fortune ,1
grave ,1
agin ,1
dainties ,1
assistant ,1
unchanged ,1
esgaroth ,1
tricky ,1
nigh ,1
expensive ,1
cloaked ,1
unwanted ,1
score ,1
music ,1
sorts ,1
ram ,1
dealing ,1
envied ,1
excellent ,1
bestfed ,1
shaking ,1
guest ,1
returns ,1
folded ,1
pony ,1
shortly ,1
weeks ,1
refuse ,1
stretched ,1
variations ,1
mathoms ,1
pushing ,1
unrelated ,1
calling ,1
anniversary ,1
offended ,1
eager ,1
leatherbound ,1
moved ,1
official ,1
spring ,1
repeating ,1
magnificence ,1
finish ,1
female ,1
gifts ,1
sixthirty ,1
insist ,1
unpopular ,1
kindly ,1
indignant ,1
sailing ,1
bored ,1
private ,1
choose ,1
peaceful ,1
bucklanders ,1
irresponsible ,1
responsible ,1
forty ,1
pour ,1
chiefly ,1
label ,1
ivy ,1
enjoyed ,1
shoulders ,1
gift ,1
wanting ,1
tendency ,1
overlooked ,1
rid ,1
foiled ,1
disappointment ,1
somersault ,1
darkness ,1
distributed ,1
happily ,1
erected ,1
system ,1
driven ,1
partial ,1
sundry ,1
depleted ,1
pouring ,1
local ,1
fiftyone ,1
tissuepaper ,1
speak ,1
peered ,1
obstinate ,1
dwarfcandles ,1
honestly ,1
grandmother ,1
stores ,1
drained ,1
boat ,1
sharp ,1
tended ,1
elevenses ,1
slip ,1
tucked ,1
entrance ,1
intense ,1
uneaten ,1
blackleather ,1
woods ,1
surviving ,1
clock ,1
lifelike ,1
yell ,1
lifesize ,1
conjuror ,1
torn ,1
toiled ,1
rob ,1
interfering ,1
elderly ,1
nextdoor ,1
hamfast ,1
running ,1
juniors ,1
floors ,1
eve ,1
chose ,1
gardeners ,1
declared ,1
louder ,1
twenties ,1
poles ,1
drawer ,1
minute ,1
shant ,1
outburst ,1
woollen ,1
silently ,1
taste ,1
entertainments ,1
echo ,1
retorted ,1
locally ,1
meadows ,1
trapessing ,1
attractions ,1
dwindle ,1
devoted ,1
ensuing ,1
imminent ,1
broke ,1
expected ,1
investigating ,1
trouserpocket ,1
rings ,1
boffin ,1
patched ,1
argued ,1
quarrels ,1
knowledgeable ,1
ducked ,1
popular ,1
art ,1
jaws ,1
oddments ,1
silly ,1
black ,1
bowed ,1
understood ,1
brockhouse ,1
battered ,1
belated ,1
longed ,1
presently ,1
cloths ,1
mother ,1
view ,1
blinked ,1
openly ,1
menacing ,1
superb ,1
knives ,1
difficulty ,1
watched ,1
engrossing ,1
thunderstorm ,1
cousins ,1
shop ,1
hidden ,1
distance ,1
mood ,1
string ,1
summit ,1
forgave ,1
gloves ,1
wag ,1
dotted ,1
toys ,1
resting ,1
learned ,1
locking ,1
warehouses ,1
cracker ,1
thirdly ,1
nooks ,1
refer ,1
duty ,1
callers ,1
fancy ,1
butterflies ,1
commotion ,1
upturned ,1
carriages ,1
pricked ,1
wildfire ,1
broad ,1
case ,1
promising ,1
creaking ,1
generation ,1
enchanting ,1
lives ,1
embattled ,1
wheelbarrows ,1
comfortably ,1
longing ,1
ships ,1
hullo ,1
comfortable ,1
hoods ,1
waist ,1
merited ,1
card ,1
flags ,1
pantry ,1
occasionally ,1
relieved ,1
continuously ,1
happened ,1
bore ,1
wrong ,1
accounts ,1
stuff ,1
pursuing ,1
assortment ,1
shrubs ,1
mature ,1
eleventh ,1
constantly ,1
busybody ,1
marked ,1
rain ,1
package ,1
visible ,1
kind ,1
sunk ,1
exceptionally ,1
exceptions ,1
effects ,1
personally ,1
produces ,1
topic ,1
ropes ,1
pretending ,1
tweens ,1
drinks ,1
remark ,1
died ,1
relaxed ,1
hospitality ,1
designed ,1
butter ,1
original ,1
contained ,1
visit ,1
flights ,1
simply ,1
bring ,1
voted ,1
perpetual ,1
leaped ,1
voicing ,1
offer ,1
fit ,1
trailing ,1
obstinately ,1
waggon ,1
easygoing ,1
scintillating ,1
dreaded ,1
firework ,1
turning ,1
bb ,1
deal ,1
strong ,1
facing ,1
search ,1
accusing ,1
peeping ,1
offered ,1
sudden ,1
springlering ,1
scowled ,1
glowing ,1
hadnt ,1
breaths ,1
astonished ,1
gape ,1
bed ,1
pillars ,1
rooms ,1
beg ,1
scarf ,1
shouts ,1
unsatisfied ,1
rare ,1
excavation ,1
chairs ,1
warning ,1
celebrating ,1
michel ,1
er ,1
anxiety ,1
burst ,1
vigorous ,1
stared ,1
reams ,1
proudfeet ,1
sparklers ,1
packing ,1
mistaken ,1
twilight ,1
deed ,1
rate ,1
plot ,1
skill ,1
unfair ,1
sit ,1
directed ,1
breathing ,1
false ,1
breed ,1
spouted ,1
speechless ,1
improved ,1
easily ,1
drag ,1
sky ,1
plates ,1
ointment ,1
vain ,1
youngster ,1
lively ,1
hornblower ,1
supplement ,1
secondly ,1
neighbour ,1
eventually ,1
flowering ,1
thinking ,1
phalanx ,1
goodbody ,1
bread ,1
lamplit ,1
flutes ,1
impromptu ,1
hobbitholes ,1
vanishment ,1
powers ,1
married ,1
trotted ,1
constant ,1
sign ,1
anger ,1
high ,1
orchestra ,1
torches ,1
months ,1
roots ,1
thag ,1
chosen ,1
sipping ,1
tense ,1
total ,1
dads ,1
pretty ,1
interesting ,1
coloured ,1
manuscript ,1
luxury ,1
remarks ,1
stammered ,1
bushy ,1
promised ,1
supposing ,1
uncloaked ,1
111,1
scarlet ,1
tongues ,1
scent ,1
bookcase ,1
inevitable ,1
closely ,1
ancient ,1
bundles ,1
autumn ,1
bridge ,1
starting ,1
bells ,1
delving ,1
overcome ,1
recite ,1
130,1
blew ,1
variety ,1
plainly ,1
preferred ,1
calendar ,1
offensive ,1
slipping ,1
abominable ,1
single ,1
connected ,1
hilt ,1
joins ,1
express ,1
redgolden ,1
smokes ,1
sprang ,1
unloading ,1
reluctant ,1
noises ,1
dancetune ,1
passion ,1
smiling ,1
thin ,1
inquiries ,1
crumbs ,1
sing ,1
horns ,1
changed ,1
unfolding ,1
shaped ,1
cold ,1
shapes ,1
specializing ,1
dinnerparty ,1
figure ,1
wide ,1
slumped ,1
passing ,1
eleventyfirst ,1
backed ,1
immensely ,1
displays ,1
hell ,1
hiss ,1
positively ,1
travelled ,1
closing ,1
children ,1
sight ,1
weather ,1
wrath ,1
voluntary ,1
uninvited ,1
deeply ,1
roar ,1
seized ,1
rightly ,1
leather ,1
provisions ,1
confounded ,1
south ,1
north ,1
grubb ,1
distribution ,1
flat ,1
regular ,1
rivers ,1
tremble ,1
behaviour ,1
chorus ,1
owe ,1
dashed ,1
cooks ,1
tremendous ,1
wastepaper ,1
knocking ,1
blow ,1
stranded ,1
nuisance ,1
person ,1
purposes ,1
beards ,1
visitor ,1
send ,1
moonlight ,1
purpose ,1
hedge ,1
kinder ,1
clutching ,1
contributor ,1
marriage ,1
buch ,1
provender ,1
alarm ,1
hearts ,1
nose ,1
stories ,1
limited ,1
fault ,1
clothes ,1
squibs ,1
daddy ,1
tempers ,1
wild ,1
throes ,1
